{
  "method_performance": {
    "Enhanced Active Inference": {
      "intervention_effects": [
        4.134889976178885,
        4.102143029619185,
        3.515831928592447,
        3.6673405884496004,
        3.982633622073512,
        3.8290473386919275,
        3.7933230102810525,
        3.8641678556631796,
        3.7532259108424513,
        3.9858291477267036,
        3.743328290008536,
        3.6248963974533153,
        3.9996785385043454,
        3.698269258508406,
        4.103928960848659,
        3.818080768012622,
        3.94380405931427,
        3.934432153280055,
        3.70559137828851,
        4.0779749594065455,
        3.670840222139385,
        4.008179673049989,
        3.8771824545635027,
        3.773219940145784,
        4.052201916287226,
        3.5165322118408566,
        3.6868389233713685,
        3.8090571357175564,
        3.9952361216717756,
        4.016396547300106,
        3.3983863767038707,
        4.122693076269279,
        3.9621250786407485,
        3.831221152345202,
        3.951050555133149
      ],
      "average_effect": 3.8557022444835427,
      "std_effect": 0.1846999185091959,
      "max_effect": 4.134889976178885,
      "min_effect": 3.3983863767038707,
      "median_effect": 3.8641678556631796,
      "success_rate": 88.57142857142857,
      "effect_success_rate": 100.0,
      "average_computation_time": 0.0012739556619099208,
      "average_feature_precision": 1.0,
      "total_test_cases": 35,
      "semantic_successes": 31
    },
    "Activation Patching": {
      "intervention_effects": [
        0.002901847205398114,
        0.00797358748490209,
        0.00801316264164195,
        0.00467859367975314,
        0.01604106463607103,
        0.007181215142464216,
        0.002960969071064102,
        0.013024783059817458,
        0.0071229130930094125,
        0.014362875614289887,
        0.0019420093973215092,
        0.0035997620885633475,
        0.003921812164006577,
        0.0028393357099405965,
        0.006217652967189112,
        0.010991051690509951,
        0.010244409657491358,
        0.014891984995941899,
        0.011489092243209414,
        0.009080411193169859,
        0.005428386883530802,
        0.004447004833325223,
        0.011701287915707825,
        0.010315354380848336,
        0.003150158201510132,
        0.0034969734644323715,
        0.008513007207044197,
        0.012923008196509465,
        0.002352384085567531,
        0.010232163408175938,
        0.005233315757622209,
        0.015939074365638024,
        0.00512084956638444,
        0.009926775422958571,
        0.01598558134547191
      ],
      "average_effect": 0.008121253107728056,
      "std_effect": 0.004345731326540172,
      "max_effect": 0.01604106463607103,
      "min_effect": 0.0019420093973215092,
      "median_effect": 0.00797358748490209,
      "success_rate": 94.28571428571428,
      "effect_success_rate": 68.57142857142857,
      "average_computation_time": 3.9460571216685435e-05,
      "average_feature_precision": 0.6692032757765478,
      "total_test_cases": 35,
      "semantic_successes": 33
    },
    "Attribution Patching": {
      "intervention_effects": [
        0.0065263792299396555,
        0.0036441982665463115,
        0.005736593188019081,
        0.002141573650472872,
        0.0013063923913286923,
        0.006143173602115252,
        0.0032334410878640404,
        0.005887018850672351,
        0.004128267044660491,
        0.005401071439902789,
        0.00380170796944651,
        0.005520189649011077,
        0.010285318455023715,
        0.0013300264231560451,
        0.0014358856282346009,
        0.0016829938417764767,
        0.003475917355336441,
        0.004292757985573492,
        0.012277620591046404,
        0.0021795119874676834,
        0.0032101312727568776,
        0.008300437016866622,
        0.007970542608929496,
        0.008923732902052582,
        0.005028936087764487,
        0.003515116114444339,
        0.002199887398513459,
        0.004116271970040946,
        0.0076650677612108455,
        0.005733273683962457,
        0.004151240575058561,
        0.005414059346427544,
        0.0005184843642520721,
        0.009073656711886183,
        0.006418822826991802
      ],
      "average_effect": 0.0049334199793929214,
      "std_effect": 0.0027225439323673613,
      "max_effect": 0.012277620591046404,
      "min_effect": 0.0005184843642520721,
      "median_effect": 0.004292757985573492,
      "success_rate": 80.0,
      "effect_success_rate": 48.57142857142857,
      "average_computation_time": 4.2319542914628984e-05,
      "average_feature_precision": 0.49818583828669805,
      "total_test_cases": 35,
      "semantic_successes": 28
    },
    "Activation Ranking": {
      "intervention_effects": [
        0.002310292445836039,
        0.00847085206837483,
        0.0026803579353267453,
        0.0003044861148567362,
        0.004243554305303785,
        0.005599422861135911,
        0.003588400346821825,
        0.001035077062373785,
        0.003364056550494008,
        0.00185837172583313,
        0.006242894686323875,
        0.0034938285686328873,
        0.009298659934351671,
        0.006862350186305559,
        0.0030899501889038845,
        0.013570862135936517,
        0.004314812156358111,
        0.0008901097184329293,
        0.0017857400206597966,
        0.0029657670668823874,
        0.0018318082823660774,
        0.003742319827132505,
        0.0028246472106037376,
        0.0018926576310899694,
        0.0038661366554281294,
        0.003414649987381721,
        0.0007998490227749947,
        0.0020437130630483083,
        0.004914705039032606,
        0.0035095222270791534,
        0.007114298036101538,
        0.00040589515154921646,
        0.0010884824742774977,
        0.0054946864376538,
        0.0003167399051395519
      ],
      "average_effect": 0.0036922844865658064,
      "std_effect": 0.002799052310662144,
      "max_effect": 0.013570862135936517,
      "min_effect": 0.0003044861148567362,
      "median_effect": 0.003364056550494008,
      "success_rate": 77.14285714285715,
      "effect_success_rate": 22.857142857142858,
      "average_computation_time": 4.217965730598995e-05,
      "average_feature_precision": 0.32952085759305544,
      "total_test_cases": 35,
      "semantic_successes": 27
    }
  },
  "statistical_comparisons": {
    "Activation Patching": {
      "test_type": "paired_t_test",
      "t_statistic": 122.1286510816634,
      "p_value": 1.5849246523265664e-46,
      "cohens_d": 29.4520742082651,
      "effect_improvement": 474.76691014771075,
      "success_improvement": 0.9393939393939394,
      "significance": "True",
      "enhanced_ai_ci": [
        3.7913293252705467,
        3.9200751636965387
      ],
      "baseline_ci": [
        0.006606648153580072,
        0.00963585806187604
      ],
      "effect_size_interpretation": "large"
    },
    "Attribution Patching": {
      "test_type": "paired_t_test",
      "t_statistic": 121.6537820165126,
      "p_value": 1.8088687931553025e-46,
      "cohens_d": 29.48143133665269,
      "effect_improvement": 781.5475391491003,
      "success_improvement": 1.1071428571428572,
      "significance": "True",
      "enhanced_ai_ci": [
        3.7913293252705467,
        3.9200751636965387
      ],
      "baseline_ci": [
        0.003984539752337536,
        0.005882300206448307
      ],
      "effect_size_interpretation": "large"
    },
    "Activation Ranking": {
      "test_type": "paired_t_test",
      "t_statistic": 121.5230660312616,
      "p_value": 1.8760574855975405e-46,
      "cohens_d": 29.490750894536813,
      "effect_improvement": 1044.2592542671953,
      "success_improvement": 1.148148148148148,
      "significance": "True",
      "enhanced_ai_ci": [
        3.7913293252705467,
        3.9200751636965387
      ],
      "baseline_ci": [
        0.0027167390195101003,
        0.0046678299536215126
      ],