{
  "task": "IOI",
  "budget": 20,
  "n_prompts": 5,
  "per_prompt": [
    {
      "prompt": "When John and Mary went to the store, John gave the bag to",
      "n_candidates": 40,
      "n_features": 11991,
      "ground_truth_top5": [
        [
          "L25_P14_F4717",
          0.0015463456511497498
        ],
        [
          "L8_P8_F12483",
          0.0011645648628473282
        ],
        [
          "L6_P4_F13589",
          0.0008341344073414803
        ],
        [
          "L3_P3_F5634",
          0.0004800735041499138
        ],
        [
          "L3_P8_F10313",
          0.0003628786653280258
        ]
      ],
      "ai_kls": [
        0.00012184865772724152,
        0.00011444347910583019,
        0.0015463456511497498,
        0.0011645648628473282,
        0,
        2.3392261937260628e-05,
        0.0004800735041499138,
        0.00011738925240933895,
        4.396482836455107e-06,
        0.0001451205462217331,
        5.196966230869293e-05,
        3.600143827497959e-06,
        0,
        6.848364137113094e-06,
        6.499281153082848e-05,
        0.00015673460438847542,
        6.34992029517889e-05,
        0,
        0,
        5.375710316002369e-06
      ],
      "greedy_kls": [
        0.00012184865772724152,
        0.00015673460438847542,
        6.137578748166561e-05,
        0.0004800735041499138,
        0.0001809119712561369,
        0.0008341344073414803,
        0.00011444347910583019,
        0.0015463456511497498,
        1.5251149307005107e-05,
        0.0011645648628473282,
        0,
        0.00011738925240933895,
        0,
        0,
        9.451806545257568e-05,
        0,
        4.965136758983135e-05,
        0,
        2.3392261937260628e-05,
        0.0002298932522535324
      ],
      "ai_mean": 0.0002035297598922625,
      "greedy_mean": 0.0002595264137198683,
      "random_mean": 0.00016318508074618878,
      "ai_cumkl": 0.00407059519784525,
      "greedy_cumkl": 0.005190528274397366,
      "random_cumkl": 0.003263701614923775,
      "oracle_cumkl": 0.006328139919787645
    },
    {
      "prompt": "After Alice and Bob finished lunch, Alice handed the receipt to",
      "n_candidates": 40,
      "n_features": 12047,
      "ground_truth_top5": [
        [
          "L25_P12_F4717",
          0.0019225161522626877
        ],
        [
          "L24_P12_F5999",
          0.0016520875506103039
        ],
        [
          "L0_P2_F7532",
          0.0011644111946225166
        ],
        [
          "L2_P4_F11533",
          0.0006402656435966492
        ],
        [
          "L5_P1_F3992",
          0.0004834928549826145
        ]
      ],
      "ai_kls": [
        0.0002392306923866272,
        0.0001306510530412197,
        0.0001735566183924675,
        0.0019225161522626877,
        7.434788858518004e-05,
        0,
        0,
        0.0016520875506103039,
        0.00038115063216537237,
        0.0004834928549826145,
        0,
        4.528532736003399e-05,
        7.584062404930592e-05,
        3.4750555641949177e-06,
        3.0093418899923563e-05,
        0.0003841109573841095,
        2.285037044202909e-05,
        0,
        0.00016870512627065182,
        8.883746340870857e-05
      ],
      "greedy_kls": [
        0.0002392306923866272,
        0.0001306510530412197,
        9.159138426184654e-05,
        7.434788858518004e-05,
        0.0001735566183924675,
        0.0019225161522626877,
        1.2762262485921383e-05,
        0.0011644111946225166,
        0.00032576266676187515,
        0.0004834928549826145,
        5.502253770828247e-05,
        0,
        1.4115357771515846e-06,
        7.584062404930592e-05,
        0,
        0,
        0,
        0.00016870512627065182,
        0,
        6.462098099291325e-05
      ],
      "ai_mean": 0.0002938115892902715,
      "greedy_mean": 0.00024919617862906307,
      "random_mean": 0.0001811092599746189,
      "ai_cumkl": 0.00587623178580543,
      "greedy_cumkl": 0.004983923572581261,
      "random_cumkl": 0.0036221851994923783,
      "oracle_cumkl": 0.008490740845445544
    },
    {
      "prompt": "While Sarah and Tom were at the park, Sarah threw the ball to",
      "n_candidates": 40,
      "n_features": 13098,
      "ground_truth_top5": [
        [
          "L6_P4_F4823",
          0.018956482410430908
        ],
        [
          "L25_P14_F9975",
          0.004590798169374466
        ],
        [
          "L5_P3_F6228",
          0.001775084063410759
        ],
        [
          "L0_P2_F7532",
          0.0013951435685157776
        ],
        [
          "L0_P5_F12414",
          0.0009125382639467716
        ]
      ],
      "ai_kls": [
        0.0009125382639467716,
        9.700749069452286e-05,
        0.018956482410430908,
        0.0002552289515733719,
        0.0006508487276732922,
        0.00012057251296937466,
        0.0005670245736837387,
        0,
        0.000244459486566484,
        0.0005447128787636757,
        0,
        0.00015799771063029766,
        9.310990571975708e-05,
        0,
        7.489765994250774e-05,
        5.364837124943733e-05,
        0.0002295202575623989,
        0.00012072175741195679,
        0,
        0.00011853594332933426
      ],
      "greedy_kls": [
        0.0009125382639467716,
        0.000244459486566484,
        0.0013951435685157776,
        0.018956482410430908,
        9.700749069452286e-05,
        0.0005670245736837387,
        0.0002552289515733719,
        0.00010033580474555492,
        0.0006508487276732922,
        0,
        1.6344711184501648e-06,
        0.00015799771063029766,
        0,
        0.0002850005403161049,
        0.00018680468201637268,
        8.959768456406891e-05,
        0.00016815215349197388,
        9.896210394799709e-05,
        9.310990571975708e-05,
        0.001775084063410759
      ],
      "ai_mean": 0.0011598653451073914,
      "greedy_mean": 0.0013017706296523102,
      "random_mean": 0.000992454157967586,
      "ai_cumkl": 0.02319730690214783,
      "greedy_cumkl": 0.026035412593046203,
      "random_cumkl": 0.019849083159351723,
      "oracle_cumkl": 0.03154371347045526
    },
    {
      "prompt": "When Emma and David arrived at the office, Emma passed the keys to",
      "n_candidates": 40,
      "n_features": 13210,
      "ground_truth_top5": [
        [
          "L25_P14_F9975",
          0.01255757361650467
        ],
        [
          "L25_P14_F11867",
          0.003821171820163727
        ],
        [
          "L6_P4_F4823",
          0.003209800459444523
        ],
        [
          "L24_P14_F5999",
          0.0024514859542250633
        ],
        [
          "L0_P2_F7532",
          0.0008218074799515307
        ]
      ],
      "ai_kls": [
        0.00034936796873807907,
        0.0004046803805977106,
        6.375974044203758e-05,
        0.00033934181556105614,
        4.626699956133962e-05,
        0.0005870622117072344,
        0.003209800459444523,
        0,
        2.0006475097034127e-05,
        0.0002914008218795061,
        0,
        4.551387974061072e-05,
        0.003821171820163727,
        0.01255757361650467,
        4.449771950021386e-05,
        0.0003439878346398473,
        0,
        6.774568464607e-05,
        0.0005055953515693545,
        0.00019753887318074703
      ],
      "greedy_kls": [
        0.00034936796873807907,
        0.0008218074799515307,
        0.0003439878346398473,
        0.003209800459444523,
        0.0004046803805977106,
        6.375974044203758e-05,
        0.0005527184111997485,
        0.00033934181556105614,
        0,
        0.0005055953515693545,
        0.00041688233613967896,
        0,
        6.681933882646263e-05,
        4.626699956133962e-05,
        0.0005870622117072344,
        5.528893962036818e-05,
        0,
        4.551387974061072e-05,
        2.0006475097034127e-05,
        0.003821171820163727
      ],
      "ai_mean": 0.001144765582648688,
      "greedy_mean": 0.0005825035721500171,