{
  "task": "MultiStep",
  "budget": 20,
  "n_prompts": 3,
  "per_prompt": [
    {
      "prompt": "If Alice is taller than Bob, and Bob is taller than Carol, then the tallest person is",
      "clean_prediction": "\n",
      "n_candidates": 40,
      "top10_features": [
        [
          "L11_P19_F109111",
          0.22473536431789398,
          11
        ],
        [
          "L14_P19_F102713",
          0.11433660238981247,
          14
        ],
        [
          "L15_P19_F49221",
          0.06516323983669281,
          15
        ],
        [
          "L7_P15_F33876",
          0.033680662512779236,
          7
        ],
        [
          "L1_P1_F40944",
          0.0036351624876260757,
          1
        ],
        [
          "L1_P3_F44668",
          0.0026589506305754185,
          1
        ],
        [
          "L0_P1_F120758",
          0.0022961266804486513,
          0
        ],
        [
          "L7_P13_F122817",
          0.002019815845414996,
          7
        ],
        [
          "L9_P2_F37825",
          0.001957349479198456,
          9
        ],
        [
          "L0_P1_F48461",
          0.0015973984263837337,
          0
        ]
      ],
      "ai_kls": [
        0.0004638292593881488,
        0.000316892983391881,
        0.0015973984263837337,
        0.0036351624876260757,
        0.0006264857947826385,
        0.0022961266804486513,
        0.0005006927531212568,
        0.001957349479198456,
        0.0008376550395041704,
        0.0004823189228773117,
        0.0026589506305754185,
        0.0009311324683949351,
        0.00030444766161963344,
        0.00035293656401336193,
        0.00017870287410914898,
        4.756991984322667e-05,
        8.625874761492014e-05,
        0.002019815845414996,
        0.0013960623182356358,
        0.0006635666359215975
      ],
      "bandit_kls": [
        0.0015973984263837337,
        0.0006264857947826385,
        0.0036351624876260757,
        0.00030444766161963344,
        0.002019815845414996,
        0.22473536431789398,
        0,
        0,
        0.0009206283139064908,
        0.00017870287410914898,
        0.0004823189228773117,
        0.0006612907163798809,
        0.11433660238981247,
        0.00040943094063550234,
        0.0004638292593881488,
        0.001404040027409792,
        0.00035293656401336193,
        0.033680662512779236,
        0.00015736138448119164,
        0.0002712700515985489
      ],
      "greedy_kls": [
        0.0015973984263837337,
        0.0036351624876260757,
        0.0006264857947826385,
        0.0004638292593881488,
        0.0022961266804486513,
        0.0005006927531212568,
        0.001957349479198456,
        0.0008376550395041704,
        0.0004823189228773117,
        0.0026589506305754185,
        0.0009311324683949351,
        0.00030444766161963344,
        0.00035293656401336193,
        0.00017870287410914898,
        4.756991984322667e-05,
        8.625874761492014e-05,
        0.002019815845414996,
        0.0013960623182356358,
        0.0006635666359215975,
        0.0004413723945617676
      ],
      "oracle_kls": [
        0.22473536431789398,
        0.11433660238981247,
        0.06516323983669281,
        0.033680662512779236,
        0.0036351624876260757,
        0.0026589506305754185,
        0.0022961266804486513,
        0.002019815845414996,
        0.001957349479198456,
        0.0015973984263837337,
        0.001404040027409792,
        0.0013960623182356358,
        0.0009311324683949351,
        0.0009206283139064908,
        0.000902973988559097,
        0.0008376550395041704,
        0.0006635666359215975,
        0.0006612907163798809,
        0.0006264857947826385,
        0.0005006927531212568
      ],
      "ai_mean": 0.0010676677746232599,
      "bandit_mean": 0.019311887424555606,
      "greedy_mean": 0.0010738917451817542,
      "random_mean": 0.01291753205121495,
      "ai_cumkl": 0.021353355492465198,
      "bandit_cumkl": 0.38623774849111214,
      "greedy_cumkl": 0.021477834903635085,
      "random_cumkl": 0.25835064102429894,
      "oracle_cumkl": 0.4609252006630413,
      "layer_distribution": {
        "early": 4,
        "mid": 3,
        "late": 3
      },
      "agent_entropy_history": [
        3.1968125898855657,
        3.187669726515104,
        3.288788968429467,
        3.51431642120966,
        3.4396436596668174,
        3.5117780131303906,
        3.4325265174669064,
        3.5091310452446596,
        3.4253511628773063,
        3.419255766238382,
        3.5058810627665595,
        3.4119606645773377,
        3.4057252102920748,
        3.3994054875529587,
        3.393004149403386,
        3.256807766735289,
        3.2477523431003053,
        3.5001647434366854,
        3.4976279444232636,
        3.374474383247034
      ],
      "agent_efe_history": [
        -7.3437159799319085,
        -7.362037324584323,
        -6.994143997602777,
        -6.576338939423534,
        -7.015550849246496,
        -6.595549646465852,
        -7.032617654263427,
        -6.614317629033105,
        -7.049177611286107,
        -7.06521179761037,
        -6.643114673476239,
        -7.080962772010163,
        -7.096446198793493,
        -7.1117323412946,
        -7.12681963270303,
        -7.388458566452667,
        -7.406684648735194,
        -6.717812042078071,
        -6.725550253594743,
        -7.1723503636084285
      ]
    },
    {
      "prompt": "The capital of France is Paris. Paris is in Europe. The continent containing Paris is",
      "clean_prediction": " Europe",
      "n_candidates": 40,
      "top10_features": [
        [
          "L13_P17_F119902",
          0.12049873173236847,
          13
        ],
        [
          "L15_P17_F37442",
          0.09113939106464386,
          15
        ],
        [
          "L12_P17_F60889",
          0.021544162184000015,
          12
        ],
        [
          "L11_P17_F118270",
          0.014361480250954628,
          11
        ],
        [
          "L11_P17_F76243",
          0.0033026747405529022,
          11
        ],
        [
          "L12_P17_F130902",
          0.003146850736811757,
          12
        ],
        [
          "L0_P2_F27916",
          0.001100500114262104,
          0
        ],
        [
          "L0_P7_F38013",
          0.0009161527268588543,
          0
        ],
        [
          "L10_P4_F29571",
          0.0004351777024567127,
          10
        ],
        [
          "L1_P5_F109251",
          0.00024615495931357145,
          1
        ]
      ],
      "ai_kls": [
        1.1684722267091274e-05,
        7.521593943238258e-06,
        0,
        0,
        0,
        5.221407627686858e-05,
        0,
        0.0009161527268588543,
        0.0001516854390501976,
        0.014361480250954628,
        7.035168528091162e-05,
        1.0473999282112345e-05,
        5.2124494686722755e-05,
        0,
        0.0004351777024567127,
        0.00019985093967989087,
        5.739633343182504e-05,
        0.00024615495931357145,
        0,
        0.001100500114262104
      ],
      "bandit_kls": [
        0.0009161527268588543,
        0.014361480250954628,
        1.0473999282112345e-05,
        0,
        0.0001516854390501976,
        7.521593943238258e-06,
        5.4955482482910156e-05,
        0,
        0.021544162184000015,
        0,
        0,
        0,
        8.808390703052282e-06,
        0,
        0,
        0.12049873173236847,
        1.1684722267091274e-05,
        0,
        0.0033026747405529022,
        5.739633343182504e-05
      ],