{
  "task": "MultiStep",
  "budget": 20,
  "n_prompts": 3,
  "per_prompt": [
    {
      "prompt": "If Alice is taller than Bob, and Bob is taller than Carol, then the tallest person is",
      "clean_prediction": " Alice",
      "n_candidates": 40,
      "top10_features": [
        [
          "L5_P1_F3992",
          0.005233600735664368,
          5
        ],
        [
          "L0_P5_F13474",
          0.0032692179083824158,
          0
        ],
        [
          "L6_P2_F14710",
          0.0017789322882890701,
          6
        ],
        [
          "L0_P3_F11375",
          0.001688942313194275,
          0
        ],
        [
          "L4_P5_F5316",
          0.0013078926131129265,
          4
        ],
        [
          "L8_P5_F4552",
          0.0005754679441452026,
          8
        ],
        [
          "L0_P8_F3255",
          0.0005612960085272789,
          0
        ],
        [
          "L13_P19_F3597",
          0.00048017269000411034,
          13
        ],
        [
          "L15_P1_F851",
          0.0004036662867292762,
          15
        ],
        [
          "L6_P4_F4539",
          0.0003457232378423214,
          6
        ]
      ],
      "ai_kls": [
        0,
        0.0032692179083824158,
        0.001688942313194275,
        0,
        0.000250842422246933,
        0,
        9.788409806787968e-05,
        0,
        0.005233600735664368,
        1.9757135305553675e-06,
        0.00048017269000411034,
        0.00020744407083839178,
        0.0005754679441452026,
        0,
        2.8800801374018192e-05,
        0.0005612960085272789,
        0.0004036662867292762,
        0.00014392170123755932,
        0,
        5.6850491091609e-05
      ],
      "greedy_kls": [
        0,
        0.0032692179083824158,
        0,
        0.001688942313194275,
        0,
        0,
        0,
        0.0005612960085272789,
        0,
        0,
        0,
        0.000250842422246933,
        0,
        9.788409806787968e-05,
        0,
        0.005233600735664368,
        0,
        9.020039578899741e-05,
        0,
        0.0017789322882890701
      ],
      "oracle_kls": [
        0.005233600735664368,
        0.0032692179083824158,
        0.0017789322882890701,
        0.001688942313194275,
        0.0013078926131129265,
        0.0005754679441452026,
        0.0005612960085272789,
        0.00048017269000411034,
        0.0004036662867292762,
        0.0003457232378423214,
        0.000250842422246933,
        0.00021766964346170425,
        0.00020744407083839178,
        0.0001930156722664833,
        0.00014392170123755932,
        0.00012931320816278458,
        9.788409806787968e-05,
        9.020039578899741e-05,
        6.487790960818529e-05,
        5.6850491091609e-05
      ],
      "ai_mean": 0.0006500041592516937,
      "greedy_mean": 0.0006485458085080609,
      "random_mean": 0.0004107017384376376,
      "ai_cumkl": 0.013000083185033873,
      "greedy_cumkl": 0.012970916170161217,
      "random_cumkl": 0.008214034768752754,
      "oracle_cumkl": 0.017096931638661772,
      "layer_distribution": {
        "early": 7,
        "mid": 3,
        "late": 0
      }
    },
    {
      "prompt": "The capital of France is Paris. Paris is in Europe. The continent containing Paris is",
      "clean_prediction": " Europe",
      "n_candidates": 40,
      "top10_features": [
        [
          "L19_P4_F712",
          0.0008863990078680217,
          19
        ],
        [
          "L0_P7_F6051",
          0.0005787177942693233,
          0
        ],
        [
          "L19_P10_F712",
          0.00031939055770635605,
          19
        ],
        [
          "L0_P5_F11375",
          0.0003091958351433277,
          0
        ],
        [
          "L0_P3_F2848",
          0.00021581281907856464,
          0
        ],
        [
          "L2_P8_F9457",
          0.00020545441657304764,
          2
        ],
        [
          "L2_P6_F9457",
          0.00015419302508234978,
          2
        ],
        [
          "L3_P3_F9559",
          0.0001359935849905014,
          3
        ],
        [
          "L4_P5_F7671",
          0.00010162964463233948,
          4
        ],
        [
          "L18_P16_F10954",
          9.655999019742012e-05,
          18
        ]
      ],
      "ai_kls": [
        0.0005787177942693233,
        6.119185127317905e-05,
        0,
        9.614633745513856e-05,
        6.696954369544983e-05,
        0.00010162964463233948,
        0.00031939055770635605,
        5.328585393726826e-05,
        0.0003091958351433277,
        0.00021581281907856464,
        0,
        4.7122128307819366e-05,
        4.608300514519215e-06,
        0.0001359935849905014,
        0,
        2.7042697183787823e-05,
        8.857622742652893e-05,
        0,
        0.00020545441657304764,
        0
      ],
      "greedy_kls": [
        0.0005787177942693233,
        0.0003091958351433277,
        0.00021581281907856464,
        6.119185127317905e-05,
        9.614633745513856e-05,
        0,
        0.0001359935849905014,
        6.587570533156395e-05,
        0,
        5.328585393726826e-05,
        0,
        0.00020545441657304764,
        0.00015419302508234978,
        0,
        0,
        0,
        0,
        4.7122128307819366e-05,
        3.3346586860716343e-06,
        6.696954369544983e-05
      ],
      "oracle_kls": [
        0.0008863990078680217,
        0.0005787177942693233,
        0.00031939055770635605,
        0.0003091958351433277,
        0.00021581281907856464,
        0.00020545441657304764,
        0.00015419302508234978,
        0.0001359935849905014,
        0.00010162964463233948,
        9.655999019742012e-05,
        9.614633745513856e-05,
        8.857622742652893e-05,
        6.696954369544983e-05,
        6.587570533156395e-05,
        6.119185127317905e-05,
        5.328585393726826e-05,
        4.7122128307819366e-05,
        2.7042697183787823e-05,
        9.478535503149033e-06,
        4.608300514519215e-06
      ],
      "ai_mean": 0.00011555687960935756,
      "greedy_mean": 9.966467769118026e-05,
      "random_mean": 0.00010732276146882213,
      "ai_cumkl": 0.0023111375921871513,
      "greedy_cumkl": 0.001993293553823605,
      "random_cumkl": 0.0021464552293764426,
      "oracle_cumkl": 0.003523643856169656,
      "layer_distribution": {
        "early": 7,
        "mid": 0,
        "late": 3
      }
    },
    {
      "prompt": "All dogs are animals. Fido is a dog. Therefore Fido is",
      "clean_prediction": " an",
      "n_candidates": 40,
      "top10_features": [
        [
          "L25_P15_F4717",
          0.004405196290463209,
          25
        ],
        [
          "L2_P4_F3576",
          0.0009312444599345326,
          2
        ],
        [
          "L2_P2_F9041",
          0.0008833051542751491,
          2
        ],
        [
          "L3_P4_F12451",
          0.0005097161629237235,
          3
        ],
        [
          "L1_P4_F11076",
          0.0005096617387607694,
          1
        ],
        [
          "L4_P7_F2364",
          0.0004730691434815526,
          4
        ],
        [
          "L6_P2_F6862",
          0.0003972972044721246,
          6
        ],
        [
          "L7_P2_F11190",
          0.00028091869899071753,
          7
        ],
        [
          "L4_P4_F6106",
          0.00027692533330991864,
          4
        ],
        [
          "L4_P2_F2364",
          0.0002341182844247669,
          4
        ]
      ],